TGL_TRANSAKSI,NAMA_BARANG,JUMLAH_STOK
2023-02-15,BANTAL IBU MENYUSUI SERI SQUIREL,0
2023-02-15,GENDONGAN SAMPING DOUBLE FUNGSI LINE SERIES,0
2023-02-15,TAS RANSEL OTHELLO SERIES,0
2023-02-16,BANTAL IBU MENYUSUI SERI SQUIREL,0
2023-02-16,GENDONGAN SAMPING DOUBLE FUNGSI LINE SERIES,0
2023-02-16,TAS RANSEL OTHELLO SERIES,0
2023-02-17,BANTAL IBU MENYUSUI SERI SQUIREL,0
2023-02-17,GENDONGAN SAMPING DOUBLE FUNGSI LINE SERIES,0
2023-02-17,TAS RANSEL OTHELLO SERIES,0
2023-02-18,BANTAL IBU MENYUSUI SERI SQUIREL,1
2023-02-18,GENDONGAN SAMPING DOUBLE FUNGSI LINE SERIES,0
2023-02-18,TAS RANSEL OTHELLO SERIES,0
2023-02-19,BANTAL IBU MENYUSUI SERI SQUIREL,0
2023-02-19,GENDONGAN SAMPING DOUBLE FUNGSI LINE SERIES,1
2023-02-19,TAS RANSEL OTHELLO SERIES,0
2023-02-20,BANTAL IBU MENYUSUI SERI SQUIREL,0
2023-02-20,GENDONGAN SAMPING DOUBLE FUNGSI LINE SERIES,0
2023-02-20,TAS RANSEL OTHELLO SERIES,0
2023-02-21,BANTAL IBU MENYUSUI SERI SQUIREL,1
2023-02-21,GENDONGAN SAMPING DOUBLE FUNGSI LINE SERIES,1
2023-02-21,TAS RANSEL OTHELLO SERIES,1
2023-02-22,BANTAL IBU MENYUSUI SERI SQUIREL,2
2023-02-22,GENDONGAN SAMPING DOUBLE FUNGSI LINE SERIES,0
2023-02-22,TAS RANSEL OTHELLO SERIES,0
2023-02-23,BANTAL IBU MENYUSUI SERI SQUIREL,2
2023-02-23,GENDONGAN SAMPING DOUBLE FUNGSI LINE SERIES,6
2023-02-23,TAS RANSEL OTHELLO SERIES,0
2023-02-24,BANTAL IBU MENYUSUI SERI SQUIREL,1
2023-02-24,GENDONGAN SAMPING DOUBLE FUNGSI LINE SERIES,0
2023-02-24,TAS RANSEL OTHELLO SERIES,0
2023-02-25,BANTAL IBU MENYUSUI SERI SQUIREL,0
2023-02-25,GENDONGAN SAMPING DOUBLE FUNGSI LINE SERIES,0
2023-02-25,TAS RANSEL OTHELLO SERIES,0
2023-02-26,BANTAL IBU MENYUSUI SERI SQUIREL,7
2023-02-26,GENDONGAN SAMPING DOUBLE FUNGSI LINE SERIES,5
2023-02-26,TAS RANSEL OTHELLO SERIES,0
2023-02-27,BANTAL IBU MENYUSUI SERI SQUIREL,0
2023-02-27,GENDONGAN SAMPING DOUBLE FUNGSI LINE SERIES,0
2023-02-27,TAS RANSEL OTHELLO SERIES,0
2023-02-28,BANTAL IBU MENYUSUI SERI SQUIREL,0
2023-02-28,GENDONGAN SAMPING DOUBLE FUNGSI LINE SERIES,0
2023-02-28,TAS RANSEL OTHELLO SERIES,0
2023-03-01,BANTAL IBU MENYUSUI SERI SQUIREL,2
2023-03-01,GENDONGAN SAMPING DOUBLE FUNGSI LINE SERIES,4
2023-03-01,TAS RANSEL OTHELLO SERIES,2
2023-03-02,BANTAL IBU MENYUSUI SERI SQUIREL,4
2023-03-02,GENDONGAN SAMPING DOUBLE FUNGSI LINE SERIES,5
2023-03-02,TAS RANSEL OTHELLO SERIES,1
2023-03-03,BANTAL IBU MENYUSUI SERI SQUIREL,1
2023-03-03,GENDONGAN SAMPING DOUBLE FUNGSI LINE SERIES,4
2023-03-03,TAS RANSEL OTHELLO SERIES,0
2023-03-04,BANTAL IBU MENYUSUI SERI SQUIREL,3
2023-03-04,GENDONGAN SAMPING DOUBLE FUNGSI LINE SERIES,5
2023-03-04,TAS RANSEL OTHELLO SERIES,1
2023-03-05,BANTAL IBU MENYUSUI SERI SQUIREL,0
2023-03-05,GENDONGAN SAMPING DOUBLE FUNGSI LINE SERIES,0
2023-03-05,TAS RANSEL OTHELLO SERIES,0
2023-03-06,BANTAL IBU MENYUSUI SERI SQUIREL,1
2023-03-06,GENDONGAN SAMPING DOUBLE FUNGSI LINE SERIES,2
2023-03-06,TAS RANSEL OTHELLO SERIES,0
2023-03-07,BANTAL IBU MENYUSUI SERI SQUIREL,3
2023-03-07,GENDONGAN SAMPING DOUBLE FUNGSI LINE SERIES,1
2023-03-07,TAS RANSEL OTHELLO SERIES,0
2023-03-08,BANTAL IBU MENYUSUI SERI SQUIREL,4
2023-03-08,GENDONGAN SAMPING DOUBLE FUNGSI LINE SERIES,1
2023-03-08,TAS RANSEL OTHELLO SERIES,0
2023-03-09,BANTAL IBU MENYUSUI SERI SQUIREL,2
2023-03-09,GENDONGAN SAMPING DOUBLE FUNGSI LINE SERIES,1
2023-03-09,TAS RANSEL OTHELLO SERIES,2
2023-03-10,BANTAL IBU MENYUSUI SERI SQUIREL,1
2023-03-10,GENDONGAN SAMPING DOUBLE FUNGSI LINE SERIES,1
2023-03-10,TAS RANSEL OTHELLO SERIES,0
2023-03-11,BANTAL IBU MENYUSUI SERI SQUIREL,0
2023-03-11,GENDONGAN SAMPING DOUBLE FUNGSI LINE SERIES,4
2023-03-11,TAS RANSEL OTHELLO SERIES,0
2023-03-12,BANTAL IBU MENYUSUI SERI SQUIREL,0
2023-03-12,GENDONGAN SAMPING DOUBLE FUNGSI LINE SERIES,0
2023-03-12,TAS RANSEL OTHELLO SERIES,0
2023-03-13,BANTAL IBU MENYUSUI SERI SQUIREL,1
2023-03-13,GENDONGAN SAMPING DOUBLE FUNGSI LINE SERIES,5
2023-03-13,TAS RANSEL OTHELLO SERIES,0
2023-03-14,BANTAL IBU MENYUSUI SERI SQUIREL,0
2023-03-14,GENDONGAN SAMPING DOUBLE FUNGSI LINE SERIES,3
2023-03-14,TAS RANSEL OTHELLO SERIES,0
2023-03-15,BANTAL IBU MENYUSUI SERI SQUIREL,1
2023-03-15,GENDONGAN SAMPING DOUBLE FUNGSI LINE SERIES,1
2023-03-15,TAS RANSEL OTHELLO SERIES,0
2023-03-16,BANTAL IBU MENYUSUI SERI SQUIREL,2
2023-03-16,GENDONGAN SAMPING DOUBLE FUNGSI LINE SERIES,0
2023-03-16,TAS RANSEL OTHELLO SERIES,0
2023-03-17,BANTAL IBU MENYUSUI SERI SQUIREL,1
2023-03-17,GENDONGAN SAMPING DOUBLE FUNGSI LINE SERIES,3
2023-03-17,TAS RANSEL OTHELLO SERIES,0
2023-03-18,BANTAL IBU MENYUSUI SERI SQUIREL,2
2023-03-18,GENDONGAN SAMPING DOUBLE FUNGSI LINE SERIES,0
2023-03-18,TAS RANSEL OTHELLO SERIES,0
2023-03-19,BANTAL IBU MENYUSUI SERI SQUIREL,0
2023-03-19,GENDONGAN SAMPING DOUBLE FUNGSI LINE SERIES,0
2023-03-19,TAS RANSEL OTHELLO SERIES,0
2023-03-20,BANTAL IBU MENYUSUI SERI SQUIREL,1
2023-03-20,GENDONGAN SAMPING DOUBLE FUNGSI LINE SERIES,2
2023-03-20,TAS RANSEL OTHELLO SERIES,0
2023-03-21,BANTAL IBU MENYUSUI SERI SQUIREL,1
2023-03-21,GENDONGAN SAMPING DOUBLE FUNGSI LINE SERIES,1
2023-03-21,TAS RANSEL OTHELLO SERIES,0
2023-03-22,BANTAL IBU MENYUSUI SERI SQUIREL,0
2023-03-22,GENDONGAN SAMPING DOUBLE FUNGSI LINE SERIES,0
2023-03-22,TAS RANSEL OTHELLO SERIES,0
2023-03-23,BANTAL IBU MENYUSUI SERI SQUIREL,1
2023-03-23,GENDONGAN SAMPING DOUBLE FUNGSI LINE SERIES,1
2023-03-23,TAS RANSEL OTHELLO SERIES,0
2023-03-24,BANTAL IBU MENYUSUI SERI SQUIREL,0
2023-03-24,GENDONGAN SAMPING DOUBLE FUNGSI LINE SERIES,1
2023-03-24,TAS RANSEL OTHELLO SERIES,1
2023-03-25,BANTAL IBU MENYUSUI SERI SQUIREL,0
2023-03-25,GENDONGAN SAMPING DOUBLE FUNGSI LINE SERIES,1
2023-03-25,TAS RANSEL OTHELLO SERIES,1
2023-03-26,BANTAL IBU MENYUSUI SERI SQUIREL,0
2023-03-26,GENDONGAN SAMPING DOUBLE FUNGSI LINE SERIES,0
2023-03-26,TAS RANSEL OTHELLO SERIES,0
2023-03-27,BANTAL IBU MENYUSUI SERI SQUIREL,0
2023-03-27,GENDONGAN SAMPING DOUBLE FUNGSI LINE SERIES,3
2023-03-27,TAS RANSEL OTHELLO SERIES,0
2023-03-28,BANTAL IBU MENYUSUI SERI SQUIREL,0
2023-03-28,GENDONGAN SAMPING DOUBLE FUNGSI LINE SERIES,2
2023-03-28,TAS RANSEL OTHELLO SERIES,0
2023-03-29,BANTAL IBU MENYUSUI SERI SQUIREL,0
2023-03-29,GENDONGAN SAMPING DOUBLE FUNGSI LINE SERIES,0
2023-03-29,TAS RANSEL OTHELLO SERIES,0
2023-03-30,BANTAL IBU MENYUSUI SERI SQUIREL,0
2023-03-30,GENDONGAN SAMPING DOUBLE FUNGSI LINE SERIES,4
2023-03-30,TAS RANSEL OTHELLO SERIES,0
2023-03-31,BANTAL IBU MENYUSUI SERI SQUIREL,0
2023-03-31,GENDONGAN SAMPING DOUBLE FUNGSI LINE SERIES,0
2023-03-31,TAS RANSEL OTHELLO SERIES,0
2023-04-01,BANTAL IBU MENYUSUI SERI SQUIREL,0
2023-04-01,GENDONGAN SAMPING DOUBLE FUNGSI LINE SERIES,0
2023-04-01,TAS RANSEL OTHELLO SERIES,0
2023-04-02,BANTAL IBU MENYUSUI SERI SQUIREL,0
2023-04-02,GENDONGAN SAMPING DOUBLE FUNGSI LINE SERIES,0
2023-04-02,TAS RANSEL OTHELLO SERIES,0
2023-04-03,BANTAL IBU MENYUSUI SERI SQUIREL,1
2023-04-03,GENDONGAN SAMPING DOUBLE FUNGSI LINE SERIES,3
2023-04-03,TAS RANSEL OTHELLO SERIES,0
2023-04-04,BANTAL IBU MENYUSUI SERI SQUIREL,1
2023-04-04,GENDONGAN SAMPING DOUBLE FUNGSI LINE SERIES,3
2023-04-04,TAS RANSEL OTHELLO SERIES,0
2023-04-05,BANTAL IBU MENYUSUI SERI SQUIREL,2
2023-04-05,GENDONGAN SAMPING DOUBLE FUNGSI LINE SERIES,3
2023-04-05,TAS RANSEL OTHELLO SERIES,1
2023-04-06,BANTAL IBU MENYUSUI SERI SQUIREL,0
2023-04-06,GENDONGAN SAMPING DOUBLE FUNGSI LINE SERIES,1
2023-04-06,TAS RANSEL OTHELLO SERIES,0
2023-04-07,BANTAL IBU MENYUSUI SERI SQUIREL,0
2023-04-07,GENDONGAN SAMPING DOUBLE FUNGSI LINE SERIES,0
2023-04-07,TAS RANSEL OTHELLO SERIES,0
2023-04-08,BANTAL IBU MENYUSUI SERI SQUIREL,3
2023-04-08,GENDONGAN SAMPING DOUBLE FUNGSI LINE SERIES,7
2023-04-08,TAS RANSEL OTHELLO SERIES,1
2023-04-09,BANTAL IBU MENYUSUI SERI SQUIREL,0
2023-04-09,GENDONGAN SAMPING DOUBLE FUNGSI LINE SERIES,0
2023-04-09,TAS RANSEL OTHELLO SERIES,0
2023-04-10,BANTAL IBU MENYUSUI SERI SQUIREL,1
2023-04-10,GENDONGAN SAMPING DOUBLE FUNGSI LINE SERIES,3
2023-04-10,TAS RANSEL OTHELLO SERIES,2
2023-04-11,BANTAL IBU MENYUSUI SERI SQUIREL,0
2023-04-11,GENDONGAN SAMPING DOUBLE FUNGSI LINE SERIES,1
2023-04-11,TAS RANSEL OTHELLO SERIES,0
2023-04-12,BANTAL IBU MENYUSUI SERI SQUIREL,0
2023-04-12,GENDONGAN SAMPING DOUBLE FUNGSI LINE SERIES,0
2023-04-12,TAS RANSEL OTHELLO SERIES,0
2023-04-13,BANTAL IBU MENYUSUI SERI SQUIREL,0
2023-04-13,GENDONGAN SAMPING DOUBLE FUNGSI LINE SERIES,0
2023-04-13,TAS RANSEL OTHELLO SERIES,0
2023-04-14,BANTAL IBU MENYUSUI SERI SQUIREL,0
2023-04-14,GENDONGAN SAMPING DOUBLE FUNGSI LINE SERIES,1
2023-04-14,TAS RANSEL OTHELLO SERIES,0
2023-04-15,BANTAL IBU MENYUSUI SERI SQUIREL,0
2023-04-15,GENDONGAN SAMPING DOUBLE FUNGSI LINE SERIES,4
2023-04-15,TAS RANSEL OTHELLO SERIES,0
2023-04-16,BANTAL IBU MENYUSUI SERI SQUIREL,0
2023-04-16,GENDONGAN SAMPING DOUBLE FUNGSI LINE SERIES,0
2023-04-16,TAS RANSEL OTHELLO SERIES,0
2023-04-17,BANTAL IBU MENYUSUI SERI SQUIREL,0
2023-04-17,GENDONGAN SAMPING DOUBLE FUNGSI LINE SERIES,3
2023-04-17,TAS RANSEL OTHELLO SERIES,4
2023-04-18,BANTAL IBU MENYUSUI SERI SQUIREL,1
2023-04-18,GENDONGAN SAMPING DOUBLE FUNGSI LINE SERIES,1
2023-04-18,TAS RANSEL OTHELLO SERIES,0
2023-04-19,BANTAL IBU MENYUSUI SERI SQUIREL,0
2023-04-19,GENDONGAN SAMPING DOUBLE FUNGSI LINE SERIES,1
2023-04-19,TAS RANSEL OTHELLO SERIES,1
2023-04-20,BANTAL IBU MENYUSUI SERI SQUIREL,0
2023-04-20,GENDONGAN SAMPING DOUBLE FUNGSI LINE SERIES,1
2023-04-20,TAS RANSEL OTHELLO SERIES,0
2023-04-21,BANTAL IBU MENYUSUI SERI SQUIREL,0
2023-04-21,GENDONGAN SAMPING DOUBLE FUNGSI LINE SERIES,0
2023-04-21,TAS RANSEL OTHELLO SERIES,0
2023-04-22,BANTAL IBU MENYUSUI SERI SQUIREL,0
2023-04-22,GENDONGAN SAMPING DOUBLE FUNGSI LINE SERIES,0
2023-04-22,TAS RANSEL OTHELLO SERIES,0
2023-04-23,BANTAL IBU MENYUSUI SERI SQUIREL,0
2023-04-23,GENDONGAN SAMPING DOUBLE FUNGSI LINE SERIES,0
2023-04-23,TAS RANSEL OTHELLO SERIES,0
2023-04-24,BANTAL IBU MENYUSUI SERI SQUIREL,0
2023-04-24,GENDONGAN SAMPING DOUBLE FUNGSI LINE SERIES,0
2023-04-24,TAS RANSEL OTHELLO SERIES,0
2023-04-25,BANTAL IBU MENYUSUI SERI SQUIREL,0
2023-04-25,GENDONGAN SAMPING DOUBLE FUNGSI LINE SERIES,3
2023-04-25,TAS RANSEL OTHELLO SERIES,1
2023-04-26,BANTAL IBU MENYUSUI SERI SQUIREL,0
2023-04-26,GENDONGAN SAMPING DOUBLE FUNGSI LINE SERIES,1
2023-04-26,TAS RANSEL OTHELLO SERIES,0
2023-04-27,BANTAL IBU MENYUSUI SERI SQUIREL,2
2023-04-27,GENDONGAN SAMPING DOUBLE FUNGSI LINE SERIES,1
2023-04-27,TAS RANSEL OTHELLO SERIES,0
2023-04-28,BANTAL IBU MENYUSUI SERI SQUIREL,0
2023-04-28,GENDONGAN SAMPING DOUBLE FUNGSI LINE SERIES,0
2023-04-28,TAS RANSEL OTHELLO SERIES,0
2023-04-29,BANTAL IBU MENYUSUI SERI SQUIREL,3
2023-04-29,GENDONGAN SAMPING DOUBLE FUNGSI LINE SERIES,2
2023-04-29,TAS RANSEL OTHELLO SERIES,1
2023-04-30,BANTAL IBU MENYUSUI SERI SQUIREL,0
2023-04-30,GENDONGAN SAMPING DOUBLE FUNGSI LINE SERIES,0
2023-04-30,TAS RANSEL OTHELLO SERIES,0
2023-05-01,BANTAL IBU MENYUSUI SERI SQUIREL,0
2023-05-01,GENDONGAN SAMPING DOUBLE FUNGSI LINE SERIES,0
2023-05-01,TAS RANSEL OTHELLO SERIES,0
2023-05-02,BANTAL IBU MENYUSUI SERI SQUIREL,2
2023-05-02,GENDONGAN SAMPING DOUBLE FUNGSI LINE SERIES,5
2023-05-02,TAS RANSEL OTHELLO SERIES,0
2023-05-03,BANTAL IBU MENYUSUI SERI SQUIREL,1
2023-05-03,GENDONGAN SAMPING DOUBLE FUNGSI LINE SERIES,3
2023-05-03,TAS RANSEL OTHELLO SERIES,0
2023-05-04,BANTAL IBU MENYUSUI SERI SQUIREL,1
2023-05-04,GENDONGAN SAMPING DOUBLE FUNGSI LINE SERIES,1
2023-05-04,TAS RANSEL OTHELLO SERIES,0
2023-05-05,BANTAL IBU MENYUSUI SERI SQUIREL,2
2023-05-05,GENDONGAN SAMPING DOUBLE FUNGSI LINE SERIES,2
2023-05-05,TAS RANSEL OTHELLO SERIES,1
2023-05-06,BANTAL IBU MENYUSUI SERI SQUIREL,6
2023-05-06,GENDONGAN SAMPING DOUBLE FUNGSI LINE SERIES,4
2023-05-06,TAS RANSEL OTHELLO SERIES,0
2023-05-07,BANTAL IBU MENYUSUI SERI SQUIREL,0
2023-05-07,GENDONGAN SAMPING DOUBLE FUNGSI LINE SERIES,0
2023-05-07,TAS RANSEL OTHELLO SERIES,0
2023-05-08,BANTAL IBU MENYUSUI SERI SQUIREL,1
2023-05-08,GENDONGAN SAMPING DOUBLE FUNGSI LINE SERIES,6
2023-05-08,TAS RANSEL OTHELLO SERIES,1
2023-05-09,BANTAL IBU MENYUSUI SERI SQUIREL,2
2023-05-09,GENDONGAN SAMPING DOUBLE FUNGSI LINE SERIES,1
2023-05-09,TAS RANSEL OTHELLO SERIES,0
2023-05-10,BANTAL IBU MENYUSUI SERI SQUIREL,1
2023-05-10,GENDONGAN SAMPING DOUBLE FUNGSI LINE SERIES,1
2023-05-10,TAS RANSEL OTHELLO SERIES,1
2023-05-11,BANTAL IBU MENYUSUI SERI SQUIREL,2
2023-05-11,GENDONGAN SAMPING DOUBLE FUNGSI LINE SERIES,1
2023-05-11,TAS RANSEL OTHELLO SERIES,0
2023-05-12,BANTAL IBU MENYUSUI SERI SQUIREL,2
2023-05-12,GENDONGAN SAMPING DOUBLE FUNGSI LINE SERIES,0
2023-05-12,TAS RANSEL OTHELLO SERIES,0
2023-05-13,BANTAL IBU MENYUSUI SERI SQUIREL,2
2023-05-13,GENDONGAN SAMPING DOUBLE FUNGSI LINE SERIES,1
2023-05-13,TAS RANSEL OTHELLO SERIES,1
2023-05-14,BANTAL IBU MENYUSUI SERI SQUIREL,0
2023-05-14,GENDONGAN SAMPING DOUBLE FUNGSI LINE SERIES,0
2023-05-14,TAS RANSEL OTHELLO SERIES,0
2023-05-15,BANTAL IBU MENYUSUI SERI SQUIREL,3
2023-05-15,GENDONGAN SAMPING DOUBLE FUNGSI LINE SERIES,6
2023-05-15,TAS RANSEL OTHELLO SERIES,1
2023-05-16,BANTAL IBU MENYUSUI SERI SQUIREL,1
2023-05-16,GENDONGAN SAMPING DOUBLE FUNGSI LINE SERIES,1
2023-05-16,TAS RANSEL OTHELLO SERIES,0
2023-05-17,BANTAL IBU MENYUSUI SERI SQUIREL,2
2023-05-17,GENDONGAN SAMPING DOUBLE FUNGSI LINE SERIES,2
2023-05-17,TAS RANSEL OTHELLO SERIES,0
2023-05-18,BANTAL IBU MENYUSUI SERI SQUIREL,0
2023-05-18,GENDONGAN SAMPING DOUBLE FUNGSI LINE SERIES,0
2023-05-18,TAS RANSEL OTHELLO SERIES,0
2023-05-19,BANTAL IBU MENYUSUI SERI SQUIREL,2
2023-05-19,GENDONGAN SAMPING DOUBLE FUNGSI LINE SERIES,5
2023-05-19,TAS RANSEL OTHELLO SERIES,0
2023-05-20,BANTAL IBU MENYUSUI SERI SQUIREL,2
2023-05-20,GENDONGAN SAMPING DOUBLE FUNGSI LINE SERIES,2
2023-05-20,TAS RANSEL OTHELLO SERIES,0
2023-05-21,BANTAL IBU MENYUSUI SERI SQUIREL,0
2023-05-21,GENDONGAN SAMPING DOUBLE FUNGSI LINE SERIES,0
2023-05-21,TAS RANSEL OTHELLO SERIES,0
2023-05-22,BANTAL IBU MENYUSUI SERI SQUIREL,3
2023-05-22,GENDONGAN SAMPING DOUBLE FUNGSI LINE SERIES,2
2023-05-22,TAS RANSEL OTHELLO SERIES,0
2023-05-23,BANTAL IBU MENYUSUI SERI SQUIREL,4
2023-05-23,GENDONGAN SAMPING DOUBLE FUNGSI LINE SERIES,0
2023-05-23,TAS RANSEL OTHELLO SERIES,0
2023-05-24,BANTAL IBU MENYUSUI SERI SQUIREL,2
2023-05-24,GENDONGAN SAMPING DOUBLE FUNGSI LINE SERIES,0
2023-05-24,TAS RANSEL OTHELLO SERIES,1
2023-05-25,BANTAL IBU MENYUSUI SERI SQUIREL,4
2023-05-25,GENDONGAN SAMPING DOUBLE FUNGSI LINE SERIES,0
2023-05-25,TAS RANSEL OTHELLO SERIES,0
2023-05-26,BANTAL IBU MENYUSUI SERI SQUIREL,3
2023-05-26,GENDONGAN SAMPING DOUBLE FUNGSI LINE SERIES,0
2023-05-26,TAS RANSEL OTHELLO SERIES,2
2023-05-27,BANTAL IBU MENYUSUI SERI SQUIREL,7
2023-05-27,GENDONGAN SAMPING DOUBLE FUNGSI LINE SERIES,2
2023-05-27,TAS RANSEL OTHELLO SERIES,0
2023-05-28,BANTAL IBU MENYUSUI SERI SQUIREL,0
2023-05-28,GENDONGAN SAMPING DOUBLE FUNGSI LINE SERIES,0
2023-05-28,TAS RANSEL OTHELLO SERIES,0
2023-05-29,BANTAL IBU MENYUSUI SERI SQUIREL,6
2023-05-29,GENDONGAN SAMPING DOUBLE FUNGSI LINE SERIES,1
2023-05-29,TAS RANSEL OTHELLO SERIES,0
2023-05-30,BANTAL IBU MENYUSUI SERI SQUIREL,0
2023-05-30,GENDONGAN SAMPING DOUBLE FUNGSI LINE SERIES,0
2023-05-30,TAS RANSEL OTHELLO SERIES,0
2023-05-31,BANTAL IBU MENYUSUI SERI SQUIREL,3
2023-05-31,GENDONGAN SAMPING DOUBLE FUNGSI LINE SERIES,4
2023-05-31,TAS RANSEL OTHELLO SERIES,0
2023-06-01,BANTAL IBU MENYUSUI SERI SQUIREL,2
2023-06-01,GENDONGAN SAMPING DOUBLE FUNGSI LINE SERIES,6
2023-06-01,TAS RANSEL OTHELLO SERIES,0
2023-06-02,BANTAL IBU MENYUSUI SERI SQUIREL,1
2023-06-02,GENDONGAN SAMPING DOUBLE FUNGSI LINE SERIES,4
2023-06-02,TAS RANSEL OTHELLO SERIES,1
2023-06-03,BANTAL IBU MENYUSUI SERI SQUIREL,0
2023-06-03,GENDONGAN SAMPING DOUBLE FUNGSI LINE SERIES,0
2023-06-03,TAS RANSEL OTHELLO SERIES,0
2023-06-04,BANTAL IBU MENYUSUI SERI SQUIREL,0
2023-06-04,GENDONGAN SAMPING DOUBLE FUNGSI LINE SERIES,0
2023-06-04,TAS RANSEL OTHELLO SERIES,0
2023-06-05,BANTAL IBU MENYUSUI SERI SQUIREL,1
2023-06-05,GENDONGAN SAMPING DOUBLE FUNGSI LINE SERIES,5
2023-06-05,TAS RANSEL OTHELLO SERIES,1
2023-06-06,BANTAL IBU MENYUSUI SERI SQUIREL,3
2023-06-06,GENDONGAN SAMPING DOUBLE FUNGSI LINE SERIES,3
2023-06-06,TAS RANSEL OTHELLO SERIES,0
2023-06-07,BANTAL IBU MENYUSUI SERI SQUIREL,0
2023-06-07,GENDONGAN SAMPING DOUBLE FUNGSI LINE SERIES,2
2023-06-07,TAS RANSEL OTHELLO SERIES,0
2023-06-08,BANTAL IBU MENYUSUI SERI SQUIREL,1
2023-06-08,GENDONGAN SAMPING DOUBLE FUNGSI LINE SERIES,1
2023-06-08,TAS RANSEL OTHELLO SERIES,0
2023-06-09,BANTAL IBU MENYUSUI SERI SQUIREL,2
2023-06-09,GENDONGAN SAMPING DOUBLE FUNGSI LINE SERIES,0
2023-06-09,TAS RANSEL OTHELLO SERIES,0
2023-06-10,BANTAL IBU MENYUSUI SERI SQUIREL,0
2023-06-10,GENDONGAN SAMPING DOUBLE FUNGSI LINE SERIES,1
2023-06-10,TAS RANSEL OTHELLO SERIES,0
2023-06-11,BANTAL IBU MENYUSUI SERI SQUIREL,0
2023-06-11,GENDONGAN SAMPING DOUBLE FUNGSI LINE SERIES,0
2023-06-11,TAS RANSEL OTHELLO SERIES,0
2023-06-12,BANTAL IBU MENYUSUI SERI SQUIREL,5
2023-06-12,GENDONGAN SAMPING DOUBLE FUNGSI LINE SERIES,4
2023-06-12,TAS RANSEL OTHELLO SERIES,0
2023-06-13,BANTAL IBU MENYUSUI SERI SQUIREL,3
2023-06-13,GENDONGAN SAMPING DOUBLE FUNGSI LINE SERIES,4
2023-06-13,TAS RANSEL OTHELLO SERIES,0
2023-06-14,BANTAL IBU MENYUSUI SERI SQUIREL,1
2023-06-14,GENDONGAN SAMPING DOUBLE FUNGSI LINE SERIES,2
2023-06-14,TAS RANSEL OTHELLO SERIES,0
2023-06-15,BANTAL IBU MENYUSUI SERI SQUIREL,1
2023-06-15,GENDONGAN SAMPING DOUBLE FUNGSI LINE SERIES,2
2023-06-15,TAS RANSEL OTHELLO SERIES,1
2023-06-16,BANTAL IBU MENYUSUI SERI SQUIREL,1
2023-06-16,GENDONGAN SAMPING DOUBLE FUNGSI LINE SERIES,1
2023-06-16,TAS RANSEL OTHELLO SERIES,0
2023-06-17,BANTAL IBU MENYUSUI SERI SQUIREL,0
2023-06-17,GENDONGAN SAMPING DOUBLE FUNGSI LINE SERIES,6
2023-06-17,TAS RANSEL OTHELLO SERIES,0
2023-06-18,BANTAL IBU MENYUSUI SERI SQUIREL,0
2023-06-18,GENDONGAN SAMPING DOUBLE FUNGSI LINE SERIES,0
2023-06-18,TAS RANSEL OTHELLO SERIES,0
2023-06-19,BANTAL IBU MENYUSUI SERI SQUIREL,0
2023-06-19,GENDONGAN SAMPING DOUBLE FUNGSI LINE SERIES,2
2023-06-19,TAS RANSEL OTHELLO SERIES,1
2023-06-20,BANTAL IBU MENYUSUI SERI SQUIREL,0
2023-06-20,GENDONGAN SAMPING DOUBLE FUNGSI LINE SERIES,0
2023-06-20,TAS RANSEL OTHELLO SERIES,1
2023-06-21,BANTAL IBU MENYUSUI SERI SQUIREL,0
2023-06-21,GENDONGAN SAMPING DOUBLE FUNGSI LINE SERIES,1
2023-06-21,TAS RANSEL OTHELLO SERIES,1
2023-06-22,BANTAL IBU MENYUSUI SERI SQUIREL,0
2023-06-22,GENDONGAN SAMPING DOUBLE FUNGSI LINE SERIES,2
2023-06-22,TAS RANSEL OTHELLO SERIES,0
2023-06-23,BANTAL IBU MENYUSUI SERI SQUIREL,0
2023-06-23,GENDONGAN SAMPING DOUBLE FUNGSI LINE SERIES,0
2023-06-23,TAS RANSEL OTHELLO SERIES,1
2023-06-24,BANTAL IBU MENYUSUI SERI SQUIREL,0
2023-06-24,GENDONGAN SAMPING DOUBLE FUNGSI LINE SERIES,1
2023-06-24,TAS RANSEL OTHELLO SERIES,0
2023-06-25,BANTAL IBU MENYUSUI SERI SQUIREL,0
2023-06-25,GENDONGAN SAMPING DOUBLE FUNGSI LINE SERIES,0
2023-06-25,TAS RANSEL OTHELLO SERIES,0
2023-06-26,BANTAL IBU MENYUSUI SERI SQUIREL,0
2023-06-26,GENDONGAN SAMPING DOUBLE FUNGSI LINE SERIES,2
2023-06-26,TAS RANSEL OTHELLO SERIES,0
2023-06-27,BANTAL IBU MENYUSUI SERI SQUIREL,0
2023-06-27,GENDONGAN SAMPING DOUBLE FUNGSI LINE SERIES,0
2023-06-27,TAS RANSEL OTHELLO SERIES,0
2023-06-28,BANTAL IBU MENYUSUI SERI SQUIREL,0
2023-06-28,GENDONGAN SAMPING DOUBLE FUNGSI LINE SERIES,2
2023-06-28,TAS RANSEL OTHELLO SERIES,0
2023-06-29,BANTAL IBU MENYUSUI SERI SQUIREL,0
2023-06-29,GENDONGAN SAMPING DOUBLE FUNGSI LINE SERIES,0
2023-06-29,TAS RANSEL OTHELLO SERIES,0
2023-06-30,BANTAL IBU MENYUSUI SERI SQUIREL,0
2023-06-30,GENDONGAN SAMPING DOUBLE FUNGSI LINE SERIES,3
2023-06-30,TAS RANSEL OTHELLO SERIES,0
2023-07-01,BANTAL IBU MENYUSUI SERI SQUIREL,0
2023-07-01,GENDONGAN SAMPING DOUBLE FUNGSI LINE SERIES,2
2023-07-01,TAS RANSEL OTHELLO SERIES,0
2023-07-02,BANTAL IBU MENYUSUI SERI SQUIREL,0
2023-07-02,GENDONGAN SAMPING DOUBLE FUNGSI LINE SERIES,0
2023-07-02,TAS RANSEL OTHELLO SERIES,0
2023-07-03,BANTAL IBU MENYUSUI SERI SQUIREL,0
2023-07-03,GENDONGAN SAMPING DOUBLE FUNGSI LINE SERIES,5
2023-07-03,TAS RANSEL OTHELLO SERIES,0
2023-07-04,BANTAL IBU MENYUSUI SERI SQUIREL,0
2023-07-04,GENDONGAN SAMPING DOUBLE FUNGSI LINE SERIES,0
2023-07-04,TAS RANSEL OTHELLO SERIES,1
2023-07-05,BANTAL IBU MENYUSUI SERI SQUIREL,0
2023-07-05,GENDONGAN SAMPING DOUBLE FUNGSI LINE SERIES,0
2023-07-05,TAS RANSEL OTHELLO SERIES,1
2023-07-06,BANTAL IBU MENYUSUI SERI SQUIREL,0
2023-07-06,GENDONGAN SAMPING DOUBLE FUNGSI LINE SERIES,0
2023-07-06,TAS RANSEL OTHELLO SERIES,0
2023-07-07,BANTAL IBU MENYUSUI SERI SQUIREL,3
2023-07-07,GENDONGAN SAMPING DOUBLE FUNGSI LINE SERIES,3
2023-07-07,TAS RANSEL OTHELLO SERIES,0
2023-07-08,BANTAL IBU MENYUSUI SERI SQUIREL,1
2023-07-08,GENDONGAN SAMPING DOUBLE FUNGSI LINE SERIES,6
2023-07-08,TAS RANSEL OTHELLO SERIES,0
2023-07-09,BANTAL IBU MENYUSUI SERI SQUIREL,0
2023-07-09,GENDONGAN SAMPING DOUBLE FUNGSI LINE SERIES,0
2023-07-09,TAS RANSEL OTHELLO SERIES,0
2023-07-10,BANTAL IBU MENYUSUI SERI SQUIREL,4
2023-07-10,GENDONGAN SAMPING DOUBLE FUNGSI LINE SERIES,3
2023-07-10,TAS RANSEL OTHELLO SERIES,1
2023-07-11,BANTAL IBU MENYUSUI SERI SQUIREL,2
2023-07-11,GENDONGAN SAMPING DOUBLE FUNGSI LINE SERIES,4
2023-07-11,TAS RANSEL OTHELLO SERIES,0
2023-07-12,BANTAL IBU MENYUSUI SERI SQUIREL,3
2023-07-12,GENDONGAN SAMPING DOUBLE FUNGSI LINE SERIES,2
2023-07-12,TAS RANSEL OTHELLO SERIES,0
2023-07-13,BANTAL IBU MENYUSUI SERI SQUIREL,3
2023-07-13,GENDONGAN SAMPING DOUBLE FUNGSI LINE SERIES,1
2023-07-13,TAS RANSEL OTHELLO SERIES,1
2023-07-14,BANTAL IBU MENYUSUI SERI SQUIREL,2
2023-07-14,GENDONGAN SAMPING DOUBLE FUNGSI LINE SERIES,1
2023-07-14,TAS RANSEL OTHELLO SERIES,0
2023-07-15,BANTAL IBU MENYUSUI SERI SQUIREL,3
2023-07-15,GENDONGAN SAMPING DOUBLE FUNGSI LINE SERIES,2
2023-07-15,TAS RANSEL OTHELLO SERIES,0
2023-07-16,BANTAL IBU MENYUSUI SERI SQUIREL,0
2023-07-16,GENDONGAN SAMPING DOUBLE FUNGSI LINE SERIES,0
2023-07-16,TAS RANSEL OTHELLO SERIES,0
2023-07-17,BANTAL IBU MENYUSUI SERI SQUIREL,2
2023-07-17,GENDONGAN SAMPING DOUBLE FUNGSI LINE SERIES,4
2023-07-17,TAS RANSEL OTHELLO SERIES,0
2023-07-18,BANTAL IBU MENYUSUI SERI SQUIREL,2
2023-07-18,GENDONGAN SAMPING DOUBLE FUNGSI LINE SERIES,1
2023-07-18,TAS RANSEL OTHELLO SERIES,0
2023-07-19,BANTAL IBU MENYUSUI SERI SQUIREL,0
2023-07-19,GENDONGAN SAMPING DOUBLE FUNGSI LINE SERIES,0
2023-07-19,TAS RANSEL OTHELLO SERIES,0
2023-07-20,BANTAL IBU MENYUSUI SERI SQUIREL,3
2023-07-20,GENDONGAN SAMPING DOUBLE FUNGSI LINE SERIES,0
2023-07-20,TAS RANSEL OTHELLO SERIES,0
2023-07-21,BANTAL IBU MENYUSUI SERI SQUIREL,1
2023-07-21,GENDONGAN SAMPING DOUBLE FUNGSI LINE SERIES,0
2023-07-21,TAS RANSEL OTHELLO SERIES,0
2023-07-22,BANTAL IBU MENYUSUI SERI SQUIREL,1
2023-07-22,GENDONGAN SAMPING DOUBLE FUNGSI LINE SERIES,1
2023-07-22,TAS RANSEL OTHELLO SERIES,0
2023-07-23,BANTAL IBU MENYUSUI SERI SQUIREL,0
2023-07-23,GENDONGAN SAMPING DOUBLE FUNGSI LINE SERIES,0
2023-07-23,TAS RANSEL OTHELLO SERIES,0
2023-07-24,BANTAL IBU MENYUSUI SERI SQUIREL,2
2023-07-24,GENDONGAN SAMPING DOUBLE FUNGSI LINE SERIES,2
2023-07-24,TAS RANSEL OTHELLO SERIES,0
2023-07-25,BANTAL IBU MENYUSUI SERI SQUIREL,0
2023-07-25,GENDONGAN SAMPING DOUBLE FUNGSI LINE SERIES,2
2023-07-25,TAS RANSEL OTHELLO SERIES,0
2023-07-26,BANTAL IBU MENYUSUI SERI SQUIREL,0
2023-07-26,GENDONGAN SAMPING DOUBLE FUNGSI LINE SERIES,2
2023-07-26,TAS RANSEL OTHELLO SERIES,0
2023-07-27,BANTAL IBU MENYUSUI SERI SQUIREL,0
2023-07-27,GENDONGAN SAMPING DOUBLE FUNGSI LINE SERIES,1
2023-07-27,TAS RANSEL OTHELLO SERIES,0
2023-07-28,BANTAL IBU MENYUSUI SERI SQUIREL,0
2023-07-28,GENDONGAN SAMPING DOUBLE FUNGSI LINE SERIES,1
2023-07-28,TAS RANSEL OTHELLO SERIES,0
2023-07-29,BANTAL IBU MENYUSUI SERI SQUIREL,2
2023-07-29,GENDONGAN SAMPING DOUBLE FUNGSI LINE SERIES,0
2023-07-29,TAS RANSEL OTHELLO SERIES,0
2023-07-30,BANTAL IBU MENYUSUI SERI SQUIREL,0
2023-07-30,GENDONGAN SAMPING DOUBLE FUNGSI LINE SERIES,0
2023-07-30,TAS RANSEL OTHELLO SERIES,0
2023-07-31,BANTAL IBU MENYUSUI SERI SQUIREL,2
2023-07-31,GENDONGAN SAMPING DOUBLE FUNGSI LINE SERIES,2
2023-07-31,TAS RANSEL OTHELLO SERIES,0
2023-08-01,BANTAL IBU MENYUSUI SERI SQUIREL,0
2023-08-01,GENDONGAN SAMPING DOUBLE FUNGSI LINE SERIES,0
2023-08-01,TAS RANSEL OTHELLO SERIES,0
2023-08-02,BANTAL IBU MENYUSUI SERI SQUIREL,9
2023-08-02,GENDONGAN SAMPING DOUBLE FUNGSI LINE SERIES,5
2023-08-02,TAS RANSEL OTHELLO SERIES,7
2023-08-03,BANTAL IBU MENYUSUI SERI SQUIREL,1
2023-08-03,GENDONGAN SAMPING DOUBLE FUNGSI LINE SERIES,1
2023-08-03,TAS RANSEL OTHELLO SERIES,0
2023-08-04,BANTAL IBU MENYUSUI SERI SQUIREL,1
2023-08-04,GENDONGAN SAMPING DOUBLE FUNGSI LINE SERIES,0
2023-08-04,TAS RANSEL OTHELLO SERIES,0
2023-08-05,BANTAL IBU MENYUSUI SERI SQUIREL,0
2023-08-05,GENDONGAN SAMPING DOUBLE FUNGSI LINE SERIES,1
2023-08-05,TAS RANSEL OTHELLO SERIES,1
2023-08-06,BANTAL IBU MENYUSUI SERI SQUIREL,2
2023-08-06,GENDONGAN SAMPING DOUBLE FUNGSI LINE SERIES,2
2023-08-06,TAS RANSEL OTHELLO SERIES,2
2023-08-07,BANTAL IBU MENYUSUI SERI SQUIREL,0
2023-08-07,GENDONGAN SAMPING DOUBLE FUNGSI LINE SERIES,0
2023-08-07,TAS RANSEL OTHELLO SERIES,0
2023-08-08,BANTAL IBU MENYUSUI SERI SQUIREL,13
2023-08-08,GENDONGAN SAMPING DOUBLE FUNGSI LINE SERIES,10
2023-08-08,TAS RANSEL OTHELLO SERIES,4
2023-08-09,BANTAL IBU MENYUSUI SERI SQUIREL,10
2023-08-09,GENDONGAN SAMPING DOUBLE FUNGSI LINE SERIES,1
2023-08-09,TAS RANSEL OTHELLO SERIES,5
2023-08-10,BANTAL IBU MENYUSUI SERI SQUIREL,0
2023-08-10,GENDONGAN SAMPING DOUBLE FUNGSI LINE SERIES,1
2023-08-10,TAS RANSEL OTHELLO SERIES,0
2023-08-11,BANTAL IBU MENYUSUI SERI SQUIREL,2
2023-08-11,GENDONGAN SAMPING DOUBLE FUNGSI LINE SERIES,0
2023-08-11,TAS RANSEL OTHELLO SERIES,4
2023-08-12,BANTAL IBU MENYUSUI SERI SQUIREL,0
2023-08-12,GENDONGAN SAMPING DOUBLE FUNGSI LINE SERIES,0
2023-08-12,TAS RANSEL OTHELLO SERIES,1
2023-08-13,BANTAL IBU MENYUSUI SERI SQUIREL,0
2023-08-13,GENDONGAN SAMPING DOUBLE FUNGSI LINE SERIES,0
2023-08-13,TAS RANSEL OTHELLO SERIES,1
2023-08-14,BANTAL IBU MENYUSUI SERI SQUIREL,0
2023-08-14,GENDONGAN SAMPING DOUBLE FUNGSI LINE SERIES,0
2023-08-14,TAS RANSEL OTHELLO SERIES,0
2023-08-15,BANTAL IBU MENYUSUI SERI SQUIREL,0
2023-08-15,GENDONGAN SAMPING DOUBLE FUNGSI LINE SERIES,1
2023-08-15,TAS RANSEL OTHELLO SERIES,0
2023-08-16,BANTAL IBU MENYUSUI SERI SQUIREL,0
2023-08-16,GENDONGAN SAMPING DOUBLE FUNGSI LINE SERIES,1
2023-08-16,TAS RANSEL OTHELLO SERIES,0
2023-08-17,BANTAL IBU MENYUSUI SERI SQUIREL,0
2023-08-17,GENDONGAN SAMPING DOUBLE FUNGSI LINE SERIES,0
2023-08-17,TAS RANSEL OTHELLO SERIES,0
2023-08-18,BANTAL IBU MENYUSUI SERI SQUIREL,7
2023-08-18,GENDONGAN SAMPING DOUBLE FUNGSI LINE SERIES,2
2023-08-18,TAS RANSEL OTHELLO SERIES,7
2023-08-19,BANTAL IBU MENYUSUI SERI SQUIREL,3
2023-08-19,GENDONGAN SAMPING DOUBLE FUNGSI LINE SERIES,2
2023-08-19,TAS RANSEL OTHELLO SERIES,0
2023-08-20,BANTAL IBU MENYUSUI SERI SQUIREL,3
2023-08-20,GENDONGAN SAMPING DOUBLE FUNGSI LINE SERIES,1
2023-08-20,TAS RANSEL OTHELLO SERIES,2
2023-08-21,BANTAL IBU MENYUSUI SERI SQUIREL,0
2023-08-21,GENDONGAN SAMPING DOUBLE FUNGSI LINE SERIES,0
2023-08-21,TAS RANSEL OTHELLO SERIES,0
2023-08-22,BANTAL IBU MENYUSUI SERI SQUIREL,2
2023-08-22,GENDONGAN SAMPING DOUBLE FUNGSI LINE SERIES,3
2023-08-22,TAS RANSEL OTHELLO SERIES,2
2023-08-23,BANTAL IBU MENYUSUI SERI SQUIREL,3
2023-08-23,GENDONGAN SAMPING DOUBLE FUNGSI LINE SERIES,1
2023-08-23,TAS RANSEL OTHELLO SERIES,1
2023-08-24,BANTAL IBU MENYUSUI SERI SQUIREL,5
2023-08-24,GENDONGAN SAMPING DOUBLE FUNGSI LINE SERIES,1
2023-08-24,TAS RANSEL OTHELLO SERIES,3
2023-08-25,BANTAL IBU MENYUSUI SERI SQUIREL,2
2023-08-25,GENDONGAN SAMPING DOUBLE FUNGSI LINE SERIES,0
2023-08-25,TAS RANSEL OTHELLO SERIES,1
2023-08-26,BANTAL IBU MENYUSUI SERI SQUIREL,2
2023-08-26,GENDONGAN SAMPING DOUBLE FUNGSI LINE SERIES,1
2023-08-26,TAS RANSEL OTHELLO SERIES,5
2023-08-27,BANTAL IBU MENYUSUI SERI SQUIREL,3
2023-08-27,GENDONGAN SAMPING DOUBLE FUNGSI LINE SERIES,0
2023-08-27,TAS RANSEL OTHELLO SERIES,3
2023-08-28,BANTAL IBU MENYUSUI SERI SQUIREL,0
2023-08-28,GENDONGAN SAMPING DOUBLE FUNGSI LINE SERIES,0
2023-08-28,TAS RANSEL OTHELLO SERIES,0
2023-08-29,BANTAL IBU MENYUSUI SERI SQUIREL,8
2023-08-29,GENDONGAN SAMPING DOUBLE FUNGSI LINE SERIES,2
2023-08-29,TAS RANSEL OTHELLO SERIES,0
2023-08-30,BANTAL IBU MENYUSUI SERI SQUIREL,4
2023-08-30,GENDONGAN SAMPING DOUBLE FUNGSI LINE SERIES,3
2023-08-30,TAS RANSEL OTHELLO SERIES,0
2023-08-31,BANTAL IBU MENYUSUI SERI SQUIREL,0
2023-08-31,GENDONGAN SAMPING DOUBLE FUNGSI LINE SERIES,0
2023-08-31,TAS RANSEL OTHELLO SERIES,0
2023-09-01,BANTAL IBU MENYUSUI SERI SQUIREL,0
2023-09-01,GENDONGAN SAMPING DOUBLE FUNGSI LINE SERIES,0
2023-09-01,TAS RANSEL OTHELLO SERIES,0
2023-09-02,BANTAL IBU MENYUSUI SERI SQUIREL,0
2023-09-02,GENDONGAN SAMPING DOUBLE FUNGSI LINE SERIES,6
2023-09-02,TAS RANSEL OTHELLO SERIES,1
2023-09-03,BANTAL IBU MENYUSUI SERI SQUIREL,0
2023-09-03,GENDONGAN SAMPING DOUBLE FUNGSI LINE SERIES,0
2023-09-03,TAS RANSEL OTHELLO SERIES,0
2023-09-04,BANTAL IBU MENYUSUI SERI SQUIREL,2
2023-09-04,GENDONGAN SAMPING DOUBLE FUNGSI LINE SERIES,2
2023-09-04,TAS RANSEL OTHELLO SERIES,0
2023-09-05,BANTAL IBU MENYUSUI SERI SQUIREL,4
2023-09-05,GENDONGAN SAMPING DOUBLE FUNGSI LINE SERIES,1
2023-09-05,TAS RANSEL OTHELLO SERIES,0
2023-09-06,BANTAL IBU MENYUSUI SERI SQUIREL,7
2023-09-06,GENDONGAN SAMPING DOUBLE FUNGSI LINE SERIES,7
2023-09-06,TAS RANSEL OTHELLO SERIES,0
2023-09-07,BANTAL IBU MENYUSUI SERI SQUIREL,4
2023-09-07,GENDONGAN SAMPING DOUBLE FUNGSI LINE SERIES,1
2023-09-07,TAS RANSEL OTHELLO SERIES,1
2023-09-08,BANTAL IBU MENYUSUI SERI SQUIREL,2
2023-09-08,GENDONGAN SAMPING DOUBLE FUNGSI LINE SERIES,1
2023-09-08,TAS RANSEL OTHELLO SERIES,1
2023-09-09,BANTAL IBU MENYUSUI SERI SQUIREL,2
2023-09-09,GENDONGAN SAMPING DOUBLE FUNGSI LINE SERIES,3
2023-09-09,TAS RANSEL OTHELLO SERIES,1
2023-09-10,BANTAL IBU MENYUSUI SERI SQUIREL,0
2023-09-10,GENDONGAN SAMPING DOUBLE FUNGSI LINE SERIES,0
2023-09-10,TAS RANSEL OTHELLO SERIES,0
2023-09-11,BANTAL IBU MENYUSUI SERI SQUIREL,6
2023-09-11,GENDONGAN SAMPING DOUBLE FUNGSI LINE SERIES,3
2023-09-11,TAS RANSEL OTHELLO SERIES,1
2023-09-12,BANTAL IBU MENYUSUI SERI SQUIREL,1
2023-09-12,GENDONGAN SAMPING DOUBLE FUNGSI LINE SERIES,1
2023-09-12,TAS RANSEL OTHELLO SERIES,0
2023-09-13,BANTAL IBU MENYUSUI SERI SQUIREL,2
2023-09-13,GENDONGAN SAMPING DOUBLE FUNGSI LINE SERIES,3
2023-09-13,TAS RANSEL OTHELLO SERIES,2
2023-09-14,BANTAL IBU MENYUSUI SERI SQUIREL,2
2023-09-14,GENDONGAN SAMPING DOUBLE FUNGSI LINE SERIES,2
2023-09-14,TAS RANSEL OTHELLO SERIES,0
2023-09-15,BANTAL IBU MENYUSUI SERI SQUIREL,1
2023-09-15,GENDONGAN SAMPING DOUBLE FUNGSI LINE SERIES,3
2023-09-15,TAS RANSEL OTHELLO SERIES,0
2023-09-16,BANTAL IBU MENYUSUI SERI SQUIREL,1
2023-09-16,GENDONGAN SAMPING DOUBLE FUNGSI LINE SERIES,1
2023-09-16,TAS RANSEL OTHELLO SERIES,0
2023-09-17,BANTAL IBU MENYUSUI SERI SQUIREL,0
2023-09-17,GENDONGAN SAMPING DOUBLE FUNGSI LINE SERIES,0
2023-09-17,TAS RANSEL OTHELLO SERIES,0
2023-09-18,BANTAL IBU MENYUSUI SERI SQUIREL,0
2023-09-18,GENDONGAN SAMPING DOUBLE FUNGSI LINE SERIES,0
2023-09-18,TAS RANSEL OTHELLO SERIES,0
2023-09-19,BANTAL IBU MENYUSUI SERI SQUIREL,0
2023-09-19,GENDONGAN SAMPING DOUBLE FUNGSI LINE SERIES,2
2023-09-19,TAS RANSEL OTHELLO SERIES,0
2023-09-20,BANTAL IBU MENYUSUI SERI SQUIREL,0
2023-09-20,GENDONGAN SAMPING DOUBLE FUNGSI LINE SERIES,3
2023-09-20,TAS RANSEL OTHELLO SERIES,0
2023-09-21,BANTAL IBU MENYUSUI SERI SQUIREL,2
2023-09-21,GENDONGAN SAMPING DOUBLE FUNGSI LINE SERIES,1
2023-09-21,TAS RANSEL OTHELLO SERIES,2
2023-09-22,BANTAL IBU MENYUSUI SERI SQUIREL,2
2023-09-22,GENDONGAN SAMPING DOUBLE FUNGSI LINE SERIES,1
2023-09-22,TAS RANSEL OTHELLO SERIES,0
2023-09-23,BANTAL IBU MENYUSUI SERI SQUIREL,2
2023-09-23,GENDONGAN SAMPING DOUBLE FUNGSI LINE SERIES,0
2023-09-23,TAS RANSEL OTHELLO SERIES,0
2023-09-24,BANTAL IBU MENYUSUI SERI SQUIREL,0
2023-09-24,GENDONGAN SAMPING DOUBLE FUNGSI LINE SERIES,0
2023-09-24,TAS RANSEL OTHELLO SERIES,0
2023-09-25,BANTAL IBU MENYUSUI SERI SQUIREL,1
2023-09-25,GENDONGAN SAMPING DOUBLE FUNGSI LINE SERIES,2
2023-09-25,TAS RANSEL OTHELLO SERIES,1
2023-09-26,BANTAL IBU MENYUSUI SERI SQUIREL,4
2023-09-26,GENDONGAN SAMPING DOUBLE FUNGSI LINE SERIES,2
2023-09-26,TAS RANSEL OTHELLO SERIES,0
2023-09-27,BANTAL IBU MENYUSUI SERI SQUIREL,0
2023-09-27,GENDONGAN SAMPING DOUBLE FUNGSI LINE SERIES,2
2023-09-27,TAS RANSEL OTHELLO SERIES,0
2023-09-28,BANTAL IBU MENYUSUI SERI SQUIREL,0
2023-09-28,GENDONGAN SAMPING DOUBLE FUNGSI LINE SERIES,0
2023-09-28,TAS RANSEL OTHELLO SERIES,0
2023-09-29,BANTAL IBU MENYUSUI SERI SQUIREL,0
2023-09-29,GENDONGAN SAMPING DOUBLE FUNGSI LINE SERIES,0
2023-09-29,TAS RANSEL OTHELLO SERIES,0
2023-09-30,BANTAL IBU MENYUSUI SERI SQUIREL,6
2023-09-30,GENDONGAN SAMPING DOUBLE FUNGSI LINE SERIES,2
2023-09-30,TAS RANSEL OTHELLO SERIES,0
2023-10-01,BANTAL IBU MENYUSUI SERI SQUIREL,10
2023-10-01,GENDONGAN SAMPING DOUBLE FUNGSI LINE SERIES,4
2023-10-01,TAS RANSEL OTHELLO SERIES,2
2023-10-02,BANTAL IBU MENYUSUI SERI SQUIREL,3
2023-10-02,GENDONGAN SAMPING DOUBLE FUNGSI LINE SERIES,7
2023-10-02,TAS RANSEL OTHELLO SERIES,0
2023-10-03,BANTAL IBU MENYUSUI SERI SQUIREL,2
2023-10-03,GENDONGAN SAMPING DOUBLE FUNGSI LINE SERIES,1
2023-10-03,TAS RANSEL OTHELLO SERIES,0
2023-10-04,BANTAL IBU MENYUSUI SERI SQUIREL,3
2023-10-04,GENDONGAN SAMPING DOUBLE FUNGSI LINE SERIES,1
2023-10-04,TAS RANSEL OTHELLO SERIES,0
2023-10-05,BANTAL IBU MENYUSUI SERI SQUIREL,2
2023-10-05,GENDONGAN SAMPING DOUBLE FUNGSI LINE SERIES,3
2023-10-05,TAS RANSEL OTHELLO SERIES,0
2023-10-06,BANTAL IBU MENYUSUI SERI SQUIREL,1
2023-10-06,GENDONGAN SAMPING DOUBLE FUNGSI LINE SERIES,0
2023-10-06,TAS RANSEL OTHELLO SERIES,0
2023-10-07,BANTAL IBU MENYUSUI SERI SQUIREL,3
2023-10-07,GENDONGAN SAMPING DOUBLE FUNGSI LINE SERIES,1
2023-10-07,TAS RANSEL OTHELLO SERIES,0
2023-10-08,BANTAL IBU MENYUSUI SERI SQUIREL,0
2023-10-08,GENDONGAN SAMPING DOUBLE FUNGSI LINE SERIES,0
2023-10-08,TAS RANSEL OTHELLO SERIES,0
2023-10-09,BANTAL IBU MENYUSUI SERI SQUIREL,2
2023-10-09,GENDONGAN SAMPING DOUBLE FUNGSI LINE SERIES,4
2023-10-09,TAS RANSEL OTHELLO SERIES,0
2023-10-10,BANTAL IBU MENYUSUI SERI SQUIREL,4
2023-10-10,GENDONGAN SAMPING DOUBLE FUNGSI LINE SERIES,3
2023-10-10,TAS RANSEL OTHELLO SERIES,0
2023-10-11,BANTAL IBU MENYUSUI SERI SQUIREL,8
2023-10-11,GENDONGAN SAMPING DOUBLE FUNGSI LINE SERIES,1
2023-10-11,TAS RANSEL OTHELLO SERIES,3
2023-10-12,BANTAL IBU MENYUSUI SERI SQUIREL,3
2023-10-12,GENDONGAN SAMPING DOUBLE FUNGSI LINE SERIES,3
2023-10-12,TAS RANSEL OTHELLO SERIES,1
2023-10-13,BANTAL IBU MENYUSUI SERI SQUIREL,3
2023-10-13,GENDONGAN SAMPING DOUBLE FUNGSI LINE SERIES,5
2023-10-13,TAS RANSEL OTHELLO SERIES,0
2023-10-14,BANTAL IBU MENYUSUI SERI SQUIREL,0
2023-10-14,GENDONGAN SAMPING DOUBLE FUNGSI LINE SERIES,0
2023-10-14,TAS RANSEL OTHELLO SERIES,0
2023-10-15,BANTAL IBU MENYUSUI SERI SQUIREL,0
2023-10-15,GENDONGAN SAMPING DOUBLE FUNGSI LINE SERIES,0
2023-10-15,TAS RANSEL OTHELLO SERIES,0
2023-10-16,BANTAL IBU MENYUSUI SERI SQUIREL,2
2023-10-16,GENDONGAN SAMPING DOUBLE FUNGSI LINE SERIES,1
2023-10-16,TAS RANSEL OTHELLO SERIES,0
2023-10-17,BANTAL IBU MENYUSUI SERI SQUIREL,2
2023-10-17,GENDONGAN SAMPING DOUBLE FUNGSI LINE SERIES,2
2023-10-17,TAS RANSEL OTHELLO SERIES,0
2023-10-18,BANTAL IBU MENYUSUI SERI SQUIREL,2
2023-10-18,GENDONGAN SAMPING DOUBLE FUNGSI LINE SERIES,3
2023-10-18,TAS RANSEL OTHELLO SERIES,0
2023-10-19,BANTAL IBU MENYUSUI SERI SQUIREL,2
2023-10-19,GENDONGAN SAMPING DOUBLE FUNGSI LINE SERIES,1
2023-10-19,TAS RANSEL OTHELLO SERIES,0
2023-10-20,BANTAL IBU MENYUSUI SERI SQUIREL,1
2023-10-20,GENDONGAN SAMPING DOUBLE FUNGSI LINE SERIES,1
2023-10-20,TAS RANSEL OTHELLO SERIES,0
2023-10-21,BANTAL IBU MENYUSUI SERI SQUIREL,1
2023-10-21,GENDONGAN SAMPING DOUBLE FUNGSI LINE SERIES,2
2023-10-21,TAS RANSEL OTHELLO SERIES,0
2023-10-22,BANTAL IBU MENYUSUI SERI SQUIREL,0
2023-10-22,GENDONGAN SAMPING DOUBLE FUNGSI LINE SERIES,0
2023-10-22,TAS RANSEL OTHELLO SERIES,0
2023-10-23,BANTAL IBU MENYUSUI SERI SQUIREL,3
2023-10-23,GENDONGAN SAMPING DOUBLE FUNGSI LINE SERIES,3
2023-10-23,TAS RANSEL OTHELLO SERIES,0
2023-10-24,BANTAL IBU MENYUSUI SERI SQUIREL,1
2023-10-24,GENDONGAN SAMPING DOUBLE FUNGSI LINE SERIES,2
2023-10-24,TAS RANSEL OTHELLO SERIES,0
2023-10-25,BANTAL IBU MENYUSUI SERI SQUIREL,4
2023-10-25,GENDONGAN SAMPING DOUBLE FUNGSI LINE SERIES,2
2023-10-25,TAS RANSEL OTHELLO SERIES,0
2023-10-26,BANTAL IBU MENYUSUI SERI SQUIREL,1
2023-10-26,GENDONGAN SAMPING DOUBLE FUNGSI LINE SERIES,4
2023-10-26,TAS RANSEL OTHELLO SERIES,0
2023-10-27,BANTAL IBU MENYUSUI SERI SQUIREL,2
2023-10-27,GENDONGAN SAMPING DOUBLE FUNGSI LINE SERIES,3
2023-10-27,TAS RANSEL OTHELLO SERIES,1
2023-10-28,BANTAL IBU MENYUSUI SERI SQUIREL,3
2023-10-28,GENDONGAN SAMPING DOUBLE FUNGSI LINE SERIES,1
2023-10-28,TAS RANSEL OTHELLO SERIES,0
2023-10-29,BANTAL IBU MENYUSUI SERI SQUIREL,0
2023-10-29,GENDONGAN SAMPING DOUBLE FUNGSI LINE SERIES,0
2023-10-29,TAS RANSEL OTHELLO SERIES,0
2023-10-30,BANTAL IBU MENYUSUI SERI SQUIREL,0
2023-10-30,GENDONGAN SAMPING DOUBLE FUNGSI LINE SERIES,1
2023-10-30,TAS RANSEL OTHELLO SERIES,0
2023-10-31,BANTAL IBU MENYUSUI SERI SQUIREL,4
2023-10-31,GENDONGAN SAMPING DOUBLE FUNGSI LINE SERIES,2
2023-10-31,TAS RANSEL OTHELLO SERIES,1
2023-11-01,BANTAL IBU MENYUSUI SERI SQUIREL,2
2023-11-01,GENDONGAN SAMPING DOUBLE FUNGSI LINE SERIES,2
2023-11-01,TAS RANSEL OTHELLO SERIES,2
2023-11-02,BANTAL IBU MENYUSUI SERI SQUIREL,4
2023-11-02,GENDONGAN SAMPING DOUBLE FUNGSI LINE SERIES,0
2023-11-02,TAS RANSEL OTHELLO SERIES,0
2023-11-03,BANTAL IBU MENYUSUI SERI SQUIREL,3
2023-11-03,GENDONGAN SAMPING DOUBLE FUNGSI LINE SERIES,3
2023-11-03,TAS RANSEL OTHELLO SERIES,0
2023-11-04,BANTAL IBU MENYUSUI SERI SQUIREL,1
2023-11-04,GENDONGAN SAMPING DOUBLE FUNGSI LINE SERIES,3
2023-11-04,TAS RANSEL OTHELLO SERIES,1
2023-11-05,BANTAL IBU MENYUSUI SERI SQUIREL,0
2023-11-05,GENDONGAN SAMPING DOUBLE FUNGSI LINE SERIES,0
2023-11-05,TAS RANSEL OTHELLO SERIES,0
2023-11-06,BANTAL IBU MENYUSUI SERI SQUIREL,3
2023-11-06,GENDONGAN SAMPING DOUBLE FUNGSI LINE SERIES,3
2023-11-06,TAS RANSEL OTHELLO SERIES,0
2023-11-07,BANTAL IBU MENYUSUI SERI SQUIREL,2
2023-11-07,GENDONGAN SAMPING DOUBLE FUNGSI LINE SERIES,2
2023-11-07,TAS RANSEL OTHELLO SERIES,0
2023-11-08,BANTAL IBU MENYUSUI SERI SQUIREL,1
2023-11-08,GENDONGAN SAMPING DOUBLE FUNGSI LINE SERIES,3
2023-11-08,TAS RANSEL OTHELLO SERIES,0
2023-11-09,BANTAL IBU MENYUSUI SERI SQUIREL,2
2023-11-09,GENDONGAN SAMPING DOUBLE FUNGSI LINE SERIES,5
2023-11-09,TAS RANSEL OTHELLO SERIES,0
2023-11-10,BANTAL IBU MENYUSUI SERI SQUIREL,2
2023-11-10,GENDONGAN SAMPING DOUBLE FUNGSI LINE SERIES,0
2023-11-10,TAS RANSEL OTHELLO SERIES,0
2023-11-11,BANTAL IBU MENYUSUI SERI SQUIREL,1
2023-11-11,GENDONGAN SAMPING DOUBLE FUNGSI LINE SERIES,7
2023-11-11,TAS RANSEL OTHELLO SERIES,0
2023-11-12,BANTAL IBU MENYUSUI SERI SQUIREL,0
2023-11-12,GENDONGAN SAMPING DOUBLE FUNGSI LINE SERIES,0
2023-11-12,TAS RANSEL OTHELLO SERIES,0
2023-11-13,BANTAL IBU MENYUSUI SERI SQUIREL,2
2023-11-13,GENDONGAN SAMPING DOUBLE FUNGSI LINE SERIES,4
2023-11-13,TAS RANSEL OTHELLO SERIES,0
2023-11-14,BANTAL IBU MENYUSUI SERI SQUIREL,2
2023-11-14,GENDONGAN SAMPING DOUBLE FUNGSI LINE SERIES,1
2023-11-14,TAS RANSEL OTHELLO SERIES,0
2023-11-15,BANTAL IBU MENYUSUI SERI SQUIREL,3
2023-11-15,GENDONGAN SAMPING DOUBLE FUNGSI LINE SERIES,1
2023-11-15,TAS RANSEL OTHELLO SERIES,0
2023-11-16,BANTAL IBU MENYUSUI SERI SQUIREL,1
2023-11-16,GENDONGAN SAMPING DOUBLE FUNGSI LINE SERIES,3
2023-11-16,TAS RANSEL OTHELLO SERIES,0
2023-11-17,BANTAL IBU MENYUSUI SERI SQUIREL,1
2023-11-17,GENDONGAN SAMPING DOUBLE FUNGSI LINE SERIES,1
2023-11-17,TAS RANSEL OTHELLO SERIES,0
2023-11-18,BANTAL IBU MENYUSUI SERI SQUIREL,1
2023-11-18,GENDONGAN SAMPING DOUBLE FUNGSI LINE SERIES,2
2023-11-18,TAS RANSEL OTHELLO SERIES,0
2023-11-19,BANTAL IBU MENYUSUI SERI SQUIREL,0
2023-11-19,GENDONGAN SAMPING DOUBLE FUNGSI LINE SERIES,0
2023-11-19,TAS RANSEL OTHELLO SERIES,0
2023-11-20,BANTAL IBU MENYUSUI SERI SQUIREL,0
2023-11-20,GENDONGAN SAMPING DOUBLE FUNGSI LINE SERIES,2
2023-11-20,TAS RANSEL OTHELLO SERIES,0
2023-11-21,BANTAL IBU MENYUSUI SERI SQUIREL,0
2023-11-21,GENDONGAN SAMPING DOUBLE FUNGSI LINE SERIES,0
2023-11-21,TAS RANSEL OTHELLO SERIES,0
2023-11-22,BANTAL IBU MENYUSUI SERI SQUIREL,0
2023-11-22,GENDONGAN SAMPING DOUBLE FUNGSI LINE SERIES,1
2023-11-22,TAS RANSEL OTHELLO SERIES,0
2023-11-23,BANTAL IBU MENYUSUI SERI SQUIREL,1
2023-11-23,GENDONGAN SAMPING DOUBLE FUNGSI LINE SERIES,0
2023-11-23,TAS RANSEL OTHELLO SERIES,0
2023-11-24,BANTAL IBU MENYUSUI SERI SQUIREL,0
2023-11-24,GENDONGAN SAMPING DOUBLE FUNGSI LINE SERIES,1
2023-11-24,TAS RANSEL OTHELLO SERIES,0
2023-11-25,BANTAL IBU MENYUSUI SERI SQUIREL,1
2023-11-25,GENDONGAN SAMPING DOUBLE FUNGSI LINE SERIES,0
2023-11-25,TAS RANSEL OTHELLO SERIES,0
2023-11-26,BANTAL IBU MENYUSUI SERI SQUIREL,0
2023-11-26,GENDONGAN SAMPING DOUBLE FUNGSI LINE SERIES,0
2023-11-26,TAS RANSEL OTHELLO SERIES,0
2023-11-27,BANTAL IBU MENYUSUI SERI SQUIREL,3
2023-11-27,GENDONGAN SAMPING DOUBLE FUNGSI LINE SERIES,1
2023-11-27,TAS RANSEL OTHELLO SERIES,0
2023-11-28,BANTAL IBU MENYUSUI SERI SQUIREL,0
2023-11-28,GENDONGAN SAMPING DOUBLE FUNGSI LINE SERIES,0
2023-11-28,TAS RANSEL OTHELLO SERIES,0
2023-11-29,BANTAL IBU MENYUSUI SERI SQUIREL,0
2023-11-29,GENDONGAN SAMPING DOUBLE FUNGSI LINE SERIES,0
2023-11-29,TAS RANSEL OTHELLO SERIES,0
2023-11-30,BANTAL IBU MENYUSUI SERI SQUIREL,1
2023-11-30,GENDONGAN SAMPING DOUBLE FUNGSI LINE SERIES,3
2023-11-30,TAS RANSEL OTHELLO SERIES,0
2023-12-01,BANTAL IBU MENYUSUI SERI SQUIREL,4
2023-12-01,GENDONGAN SAMPING DOUBLE FUNGSI LINE SERIES,0
2023-12-01,TAS RANSEL OTHELLO SERIES,4
2023-12-02,BANTAL IBU MENYUSUI SERI SQUIREL,2
2023-12-02,GENDONGAN SAMPING DOUBLE FUNGSI LINE SERIES,4
2023-12-02,TAS RANSEL OTHELLO SERIES,0
2023-12-03,BANTAL IBU MENYUSUI SERI SQUIREL,0
2023-12-03,GENDONGAN SAMPING DOUBLE FUNGSI LINE SERIES,0
2023-12-03,TAS RANSEL OTHELLO SERIES,0
2023-12-04,BANTAL IBU MENYUSUI SERI SQUIREL,2
2023-12-04,GENDONGAN SAMPING DOUBLE FUNGSI LINE SERIES,6
2023-12-04,TAS RANSEL OTHELLO SERIES,0
2023-12-05,BANTAL IBU MENYUSUI SERI SQUIREL,0
2023-12-05,GENDONGAN SAMPING DOUBLE FUNGSI LINE SERIES,2
2023-12-05,TAS RANSEL OTHELLO SERIES,0
2023-12-06,BANTAL IBU MENYUSUI SERI SQUIREL,2
2023-12-06,GENDONGAN SAMPING DOUBLE FUNGSI LINE SERIES,2
2023-12-06,TAS RANSEL OTHELLO SERIES,2
2023-12-07,BANTAL IBU MENYUSUI SERI SQUIREL,2
2023-12-07,GENDONGAN SAMPING DOUBLE FUNGSI LINE SERIES,0
2023-12-07,TAS RANSEL OTHELLO SERIES,0
2023-12-08,BANTAL IBU MENYUSUI SERI SQUIREL,4
2023-12-08,GENDONGAN SAMPING DOUBLE FUNGSI LINE SERIES,0
2023-12-08,TAS RANSEL OTHELLO SERIES,0
2023-12-09,BANTAL IBU MENYUSUI SERI SQUIREL,0
2023-12-09,GENDONGAN SAMPING DOUBLE FUNGSI LINE SERIES,2
2023-12-09,TAS RANSEL OTHELLO SERIES,0
2023-12-10,BANTAL IBU MENYUSUI SERI SQUIREL,0
2023-12-10,GENDONGAN SAMPING DOUBLE FUNGSI LINE SERIES,0
2023-12-10,TAS RANSEL OTHELLO SERIES,0
2023-12-11,BANTAL IBU MENYUSUI SERI SQUIREL,2
2023-12-11,GENDONGAN SAMPING DOUBLE FUNGSI LINE SERIES,2
2023-12-11,TAS RANSEL OTHELLO SERIES,0
2023-12-12,BANTAL IBU MENYUSUI SERI SQUIREL,2
2023-12-12,GENDONGAN SAMPING DOUBLE FUNGSI LINE SERIES,6
2023-12-12,TAS RANSEL OTHELLO SERIES,0
2023-12-13,BANTAL IBU MENYUSUI SERI SQUIREL,6
2023-12-13,GENDONGAN SAMPING DOUBLE FUNGSI LINE SERIES,2
2023-12-13,TAS RANSEL OTHELLO SERIES,0
2023-12-14,BANTAL IBU MENYUSUI SERI SQUIREL,2
2023-12-14,GENDONGAN SAMPING DOUBLE FUNGSI LINE SERIES,6
2023-12-14,TAS RANSEL OTHELLO SERIES,0
2023-12-15,BANTAL IBU MENYUSUI SERI SQUIREL,0
2023-12-15,GENDONGAN SAMPING DOUBLE FUNGSI LINE SERIES,0
2023-12-15,TAS RANSEL OTHELLO SERIES,0
2023-12-16,BANTAL IBU MENYUSUI SERI SQUIREL,0
2023-12-16,GENDONGAN SAMPING DOUBLE FUNGSI LINE SERIES,0
2023-12-16,TAS RANSEL OTHELLO SERIES,0
2023-12-17,BANTAL IBU MENYUSUI SERI SQUIREL,0
2023-12-17,GENDONGAN SAMPING DOUBLE FUNGSI LINE SERIES,0
2023-12-17,TAS RANSEL OTHELLO SERIES,0
2023-12-18,BANTAL IBU MENYUSUI SERI SQUIREL,0
2023-12-18,GENDONGAN SAMPING DOUBLE FUNGSI LINE SERIES,2
2023-12-18,TAS RANSEL OTHELLO SERIES,0
2023-12-19,BANTAL IBU MENYUSUI SERI SQUIREL,0
2023-12-19,GENDONGAN SAMPING DOUBLE FUNGSI LINE SERIES,0
2023-12-19,TAS RANSEL OTHELLO SERIES,0
2023-12-20,BANTAL IBU MENYUSUI SERI SQUIREL,0
2023-12-20,GENDONGAN SAMPING DOUBLE FUNGSI LINE SERIES,4
2023-12-20,TAS RANSEL OTHELLO SERIES,0
2023-12-21,BANTAL IBU MENYUSUI SERI SQUIREL,0
2023-12-21,GENDONGAN SAMPING DOUBLE FUNGSI LINE SERIES,2
2023-12-21,TAS RANSEL OTHELLO SERIES,0
2023-12-22,BANTAL IBU MENYUSUI SERI SQUIREL,6
2023-12-22,GENDONGAN SAMPING DOUBLE FUNGSI LINE SERIES,2
2023-12-22,TAS RANSEL OTHELLO SERIES,0
2023-12-23,BANTAL IBU MENYUSUI SERI SQUIREL,0
2023-12-23,GENDONGAN SAMPING DOUBLE FUNGSI LINE SERIES,2
2023-12-23,TAS RANSEL OTHELLO SERIES,0
2023-12-24,BANTAL IBU MENYUSUI SERI SQUIREL,0
2023-12-24,GENDONGAN SAMPING DOUBLE FUNGSI LINE SERIES,0
2023-12-24,TAS RANSEL OTHELLO SERIES,0
2023-12-25,BANTAL IBU MENYUSUI SERI SQUIREL,0
2023-12-25,GENDONGAN SAMPING DOUBLE FUNGSI LINE SERIES,0
2023-12-25,TAS RANSEL OTHELLO SERIES,0
2023-12-26,BANTAL IBU MENYUSUI SERI SQUIREL,2
2023-12-26,GENDONGAN SAMPING DOUBLE FUNGSI LINE SERIES,4
2023-12-26,TAS RANSEL OTHELLO SERIES,0
2023-12-27,BANTAL IBU MENYUSUI SERI SQUIREL,2
2023-12-27,GENDONGAN SAMPING DOUBLE FUNGSI LINE SERIES,0
2023-12-27,TAS RANSEL OTHELLO SERIES,0
2023-12-28,BANTAL IBU MENYUSUI SERI SQUIREL,0
2023-12-28,GENDONGAN SAMPING DOUBLE FUNGSI LINE SERIES,2
2023-12-28,TAS RANSEL OTHELLO SERIES,0
2023-12-29,BANTAL IBU MENYUSUI SERI SQUIREL,0
2023-12-29,GENDONGAN SAMPING DOUBLE FUNGSI LINE SERIES,2
2023-12-29,TAS RANSEL OTHELLO SERIES,0
2023-12-30,BANTAL IBU MENYUSUI SERI SQUIREL,0
2023-12-30,GENDONGAN SAMPING DOUBLE FUNGSI LINE SERIES,0
2023-12-30,TAS RANSEL OTHELLO SERIES,0
2023-12-31,BANTAL IBU MENYUSUI SERI SQUIREL,0
2023-12-31,GENDONGAN SAMPING DOUBLE FUNGSI LINE SERIES,0
2023-12-31,TAS RANSEL OTHELLO SERIES,0
